Saite uz resursu,Klase,Tēma,Nodarbība,Aktivitāte,Resursa nosaukums,Resursa apraksts,Resursa veids,Resursa apskates ilgums,Resursa veidotājs,Skola2030 vērtības,Skola2030 tikumi,"""e-TAP"" vērtības","""e-TAP"" tikumi",Komentāri
http://abjc.lv/?page_id=48,7. klase,Brīvprātīgais darbs,1. nodarbība: Kāpēc jāveic brīvprātīgais darbs?,3. aktivitāte. Tava kopiena ,Kas ir brīvprātīgais darbs?,"Rakstā skaidrots, kas ir brīvprātīgais darts, kā var kļūt par brīvprātīgo, kādas ir tā iespējas un darba principi.",Raksts;,2,Alūksnes Bērnu un jauniešu centrs,brīvība; darbs; Latvijas valsts ,centība; atbildība ,atbildība ,pašiniciatīva; apņēmīgums; atvērtība jaunajam ,
http://tests.dreamfoundation.eu/career-test/page3,3. klase,Karjera,"3. nodarbība - Vai ir tādi darbi, kas paredzēti zēniem, un darbi, kas paredzēti meitenēm?",noslēguma apspriede: karjeras tests,Karjeras tests - dream! foundation (latviski),"Karjeras tests sevis iepazīšanai. Pirmā daļa par rakstura iezīmēm, otrā - par aktivitātēm, kas patīk, trešā - par profesijām, kas patīktu.",karjeras tests;,15,dream foundation,darbs ,gudrība ,atbildība ,atvērtība jaunajam; pašiedziļināšanās ,testa beigās lūdz ievadīt e-pastu
http://www.esibrivs.lv/lv/tests/cik_lidzatkarigs_tu_esi,7. klase,Narkotikas alkohols,2. nodarbība: Ieradumi,Ierosme. Tests par atkarību un alkoholu ,Cik līdzatkarīgs tu esi?,"Testā iekļauti apgalvojumi, kas raksturo “tipisku” līdzatkarīgu personību. Skolēnam jāatzīmē atbilstoša atbilde. ",Tests;,5,"Biedrība ""Esi brīvs""",dzīvība (veselība) ,godīgums ,cilvēks kā persona; patiesība; atbildība ,atklātība; pašiedziļināšanās; kritiskā spriestspēja ,
http://www.esibrivs.lv/lv/tests/identifikacijas_tests,7. klase,Narkotikas alkohols,2. nodarbība: Ieradumi,Ierosme. Tests par atkarību un alkoholu ,Alkohola lietošanas traucējumu identifikācijas tests ,Testā iekļauti dažādi jautājumi par saskarsmi ar alkoholu vai tā lietošanas biežumu.,Tests;,5,"Biedrība ""Esi brīvs""",dzīvība (veselība) ,savaldība; mērenība ,atbildība ,kritiskā spriestspēja; pašiedziļināšanās; atklātība ,
http://www.kvk.lv/mate-tereze-no-kalkutas-1910-1997/,9. klase,Veselīgas attiecības,3. nodarbība: Vienaudžu izdarītais spiediens,4. aktivitāte. Kā veidojas ļaužu interese par ievērojamām personībām? (ieteicamais laiks 10-15 min.),Māte Terēze no Kalkutas (1910–1997),Resursā pieejama informācija par Māti Terēzi un viņas dzīves gājumu.,Biogrāfija;,5,Kristīgās vadības koledža,cieņa; brīvība ,gudrība; laipnība; līdzcietība ,cilvēks kā persona; rūpes; mīlestība; miers ,dāsnums; pateicīgums; pazemība ,
http://www.mazgarokas.lv,Pirmsskola (5 gadi),Mana veselība,1. nodarbība: Tīras rokas,Kolēģu komentāri - tēmas papildināšanai,Mazgā rokas pareizi - 8 roku mazgāšanas soļi,"Mācību materiāli, lai apgūtu pareizu roku mazgāšanas tehniku. (Plakāti, uzdevumi, u.c.)","Video - dziesma
;Mājas lapa
;",0,mazgarokas.lv,ģimene; dzīvība (veselība) ,centība; atbildība ,atbildība ,apņēmīgums; čaklums ,
http://www.mediacija.lv/?Projekti:%22Vienaud%C5%BEu_medi%C4%81cija_%26ndash%3B_ce%C4%BC%C5%A1_uz_sadarb%C4%ABbu%21%22,4. klase,Konfliktu risināšana,3. nodarbība: Mediatori,1. aktivitāte. Mediatori ,"""Vienaudžu mediācija – ceļš uz sadarbību!""","Raksts par biedrības ""Integrācija sabiedrībai” organizēto projektu ""Vienaudžu mediācija – ceļš uz sadarbību!”",Raksts;,4,mediacija.lv,cieņa; kultūra ,tolerance; laipnība; godīgums; savaldība ,cilvēks kā persona; cieņa; patiesība; harmonija; saskaņa ,empātija; atvērtība jaunajam; pašiedziļināšanās; pašvadība; draudzīgums ,
http://www.videsfonds.lv/documents/ekoskolu-dabas-izgl-t-bas-materi-ls-pirmsskol-m.pdf,Pirmsskola (6 gadi),Kopiena,"1. nodarbība: Kopienas, pie kurām mēs piederam",Tikumu praktizēšanas iespējas.,Ekoskolu metodiskais dabas izglītības materiāls pirmsskolai,"Ekoskolas piedāvātajā metodiskajā materiālā pieejamas dažādas tikumu praktizēšanas iespējas. Piemēram, projekts “Kā izglītības iestādes apkārtni padarīt dabiskāku? . ",Metodiskais materiāls;,0,"Latvijas vides aizsardzības fonds, Meža attīstības fonds",daba; cieņa ,atbildība; gudrība ,rūpes; daba ,līdzdalīgums; pašvadība; apņēmīgums ,
https://42money.ru/lv/domashnijj-ochag/opra-uinfri-mirovaya-zvezda-televideniya-istorii-uspeha.html,8. klase,Tava nākotne,2. nodarbība: Kas tevi dzīvē sagaida?,3. aktivitāte. Apstākļi un dzīve ,Opra Vinfrija ir pasaules  mēroga televīzijas zvaigzne. Veiksmes stāsti.,Biogrāfijā iespējas iepazīties ar Opras Vinfrijas dzīves gājumu.,Biogrāfija;,4,"Psiholoģija, nauda, ​​valsts. Neidentificēts. Internets. Ģimene un bērni",dzīvība (veselība); darbs; ģimene ,centība; drosme ,cilvēks kā persona; brīvība; atbildība ,pateicīgums; pašiniciatīva; pārliecinātība; atvērtība jaunajam; neatlaidība (noturība); atklātība ,
https://beactivelatvia.lv/jaunumi/,5. klase,Fiziskās aktivitātes,2. nodarbība: Mans fizisko aktivitāšu plāns,2. aktivitāte. Plāna izstrāde ,#beactive - jaunumi,"Eiropas sporta nedēļas mājas lapa, jaunumi un informācija par šo tēmu. ","Mājas lapa
;",5,Latvijas sporta federācijas padome,dzīvība (veselība); Latvijas valsts ,centība; drosme; mērenība ,cilvēks kā persona; harmonija; miers ,pašiniciatīva; čaklums; apņēmīgums; pašvadība ,
https://bernistaba.lsm.lv/speles/atminas/variants/164-ievero-higienu,Pirmsskola (5 gadi),Mana veselība,1. nodarbība: Tīras rokas,,Ievēro higiēnu - atmiņas spēle,"Atmiņas spēle ""Ievēro higiēnu"" 18 dažādos līmeņos.","Tiešsaistes spēle - cits
;",0,LSM bērnistaba ,dzīvība (veselība) ,gudrība ,pacietība ,zinātkāre; pašvadība ,
https://bernistaba.lsm.lv/zime/kraso/kategorijas/47,Pirmsskola (5 gadi),Mana veselība,1. nodarbība: Tīras rokas,2. aktivitāte. Dalīšanās ar zināšanām.,Zīmē. Higiēna. ,"Krāsojamās darba lapas bērniem, kurās pa soļiem parādīta roku mazgāšana.","Tiešsaistes spēle - cits
;",0,LSM Bērnistaba,dzīvība (veselība) ,centība ,rūpes; atbildība ,radošums; apņēmīgums; pašiedziļināšanās ,
https://dieviete.lv/zinas/izklaide/143359-macibas-opra-vinfrija/,8. klase,Tava nākotne,2. nodarbība: Kas tevi dzīvē sagaida?,3. aktivitāte. Apstākļi un dzīve ,"Sešas dzīves mācības, ko cilvēkiem sniedz Opra Vinfrija",Rakstā izlasāmas Opras Vinfrijas sešas dzīves mācības.,Raksts;,4,www.dieviete.lv,dzīvība (veselība) ,drosme; mērenība; godīgums; centība ,rūpes; harmonija; atbildība ,pateicīgums; pārliecinātība; atvērtība jaunajam; neatlaidība (noturība) ,
https://drossinternets.lv/lv/info/aitu-dzive,Pirmsskola (6 gadi),Drošība Internetā,"2. nodarbība: Saturs, kas mūs biedē, satrauc vai apbēdina",1. aktivitāte. Dīvainas sajūtas vēderā. ,Aitu dzīve.,"Šajā adresē atradīsiet materiālu kopu, kuras mērķis ir pilnveidot pirmsskolas vecuma bērnu un sākumskolas skolēnu izpratni un zināšanas par interneta vidi, tās radītajiem riskiem, drošu uzvedību interneta vidē, kā arī mudinātu domāt par jēgpilnu un samērīgu tehnoloģiju lietošanu ikdienā.","Video - multiplikācijas īsfilma
;",0,www.drossinternets.lv,brīvība; cieņa ,gudrība; drosme ,atbildība; brīvība ,atklātība; pašiniciatīva ,
https://drossinternets.lv/lv/info/emocionala-pazemosana,6. klase,Kiberterorizēšana,2. nodarbība: Kā reaģēt?,1. aktivitāte. Tikumi un kiberterorizēšana.,Emocionāla pazemošana,"Rakstā skaidrots, kas ir emocionāla pazemošana, kādas pazīmes liecina, ka pusaudzis tādu ir piedzīvojis, kāpēc citi tā rīkojas, kā var rīkoties  un kā no tās var izvairīties.",Raksts;,3,Latvijas Drošāka interneta centrs,dzīvība (veselība); cieņa ,drosme; atbildība; laipnība ,rūpes; atbildība; cilvēks kā persona ,kritiskā spriestspēja; draudzīgums; izpalīdzība ,
https://drossinternets.lv/lv/info/uzticibas-talrunis,2. klase,Kiberterorizēšana,2. nodarbība - Kā kiberterorizēšana mūs ietekmē?,noslēguma apspriede: kur saņemt palīdzību,Uzticības tālruņa 116111 mājas lapa ,"mājas lapa ar uzticība tālruni un saite - Uzticības tālrunis (116111), ko nodrošina nodrošina Valsts bērnu tiesību aizsardzības inspekcija. Atrunāts kādos gadījumos zvanīt 116111: ""Izmantojot internetu"", ""ģimenē"", ""skolā"", ""Tu pats""","Mājas lapa
;",3,drossinternets.lv,dzīvība (veselība); cieņa ,atbildība; gudrība; drosme ,uzticība; cieņa; rūpes; atbildība; miers ,izpalīdzība; atklātība ,
https://drossinternets.lv/lv/info/vaifija-interneta-alfabets,Pirmsskola (6 gadi),Drošība Internetā,1. nodarbība: Internets ir lielisks,Tikumu praktizēšanas iespējas,Vaifija interneta alfabēts," Vaifijs -  zēns, kurš dzīvo internetā, māca bērniem svarīgākos vārdus, kas jāzina katram interneta lietotājam.","Mājas lapa
;",0,www.drossinternets.lv,darbs; cieņa ,atbildība; gudrība ,atbildība; patiesība ,zinātkāre; attapība; pašvadība ,
https://drossinternets.lv/lv/materials/download/dzejoli-par-internetu,Pirmsskola (6 gadi),Drošība Internetā,1. nodarbība: Internets ir lielisks,Papildmateriāli. ,Dzejoļi par internetu,"Šajā materiālā ir apkopoti dzejoļi, lai rosinātu klasē sarunas par mobilo telefonu, internetu, datoru, drošību internetā, jēgpilnu interneta lietošanu, atkarībām un citiem mūsdienās nozīmīgiem jautājumiem. ",PDF - dzejoļi;,0,www.drossinternets.lv,darbs ,gudrība ,harmonija ,zinātkāre ,
https://drossinternets.lv/lv/materials/download/rokasgramata-skolotajiem-supervaroni-interneta-darbam-pirmsskola ,Pirmsskola (6 gadi),Drošība Internetā,"2. nodarbība: Saturs, kas mūs biedē, satrauc vai apbēdina",Papildmateriāli,"Rokasgrāmata skolotājiem darbam pirmsskolā  ""Supervaroņi internetā"" .",Metodiskie ieteikumi skolotājiem darbam ar īsfilmām „Supervaroņi internetā”.,Rokasgrāmata;,0,"Valsts policija, Kultūras ministrija, www.drossinternets.lv",cieņa; brīvība ,gudrība; drosme ,cieņa; rūpes ,atklātība; pašiniciatīva ,
https://drossinternets.lv/lv/materials/listall/berniem,4. klase,Attiecības tiešsaistē,3. nodarbība: Veselīga draudzība tiešsaistē,Ierosme. Saglabāt drošību tiešsaistē ,drossinternets.lv materiāli,"Materiālu saraksts interneta drošai izmantošanai: Pasakas par drošību internetā; Aizsargā savu kontu ar 2FA; Padomi drošākām mācībām tiešsaistē; Padomi drošai WhatsApp lietošanai; Padomi drošai Instagram lietošanai; Virtuālais restarts; DID2021 viktorīna 1.- 3. klasei; Vaifija interneta alfabēts; Dzejoļi par internetu: ""Aitu dzīve"" animācijas filmiņas un materiāli u.c.","Mājas lapa
;",10,drossinternets.lv,dzīvība (veselība); cieņa ,atbildība; gudrība; mērenība ,cieņa; atbildība; brīvība; harmonija ,pārliecinātība; kritiskā spriestspēja; pašvadība ,
https://e-biblioteka.liepu.lv/magazine/download/182 ,Pirmsskola (5 gadi),Palīdzība,1. nodarbība: Kurš var mums palīdzēt?,Papildmateriāli,"Integrētā nodarbība “Vienmēr steidzas palīgā""","Integrētā nodarbība 4-6 gadus veciem bērniem, kas veido izpratni par profesijām, kuras saistītas ar cilvēku glābšanu.",Integrētās nodarbības plāns;,0,"Oksana Žerebkova un Irina Kozela, Daugavpils 27. pirmsskolas izglītības iestādes skolotājas",dzīvība (veselība); darbs ,atbildība; gudrība ,cieņa; atbildība ,izpalīdzība; zinātkāre; pateicīgums ,
https://forbesbaltics.com/lv/top-50-veiksmigakas-biznesa-sievietes,2. klase,Karjera,"2. nodarbība - Vai ir tādi darbi, kas paredzēti zēniem, un darbi, kas paredzēti meitenēm?",2. aktivitāte. Vienādojums ar nezināmajiem,"Forbes -  ""top 50 veiksmīgākas biznesa sievietes"" (2019)","Forbes veiksmīgāko biznesa sieviešu saraksts - reitingā iekļauts pussimts uzņēmēju un kompāniju vadītāju. Veidojot reitingu, tika ņemti vērā uzņēmumu rādītāji, kas publicēti Lursoft datubāzē. Tika vērtēts uzņēmumu apgrozījums, tā pieaugums, peļņa un eksporta apjoms.",Raksts;,5,Forbes,darbs ,atbildība; centība ,atbildība ,pārliecinātība; čaklums; neatlaidība (noturība); apņēmīgums ,
https://fotokvartals.lv/2021/05/26/viss-attela-del-ka-vara-iznicina-zurnalistiku-baltkrievija/,7. klase,Viltus ziņas,2. nodarbība: Kas padara ziņu patērētāju tikumīgu?,5. aktivitāte. Cilvēks-morālā autoritāte ,“Viss attēla dēļ”. Kā vara iznīcina žurnālistiku Baltkrievijā,Stāsts par žurnālistu darbību un valdības radītajiem šķēršļiem viņu darbam Baltkrievijā 2020. gada augustā,Blogs;,3,Foto kvartāls,brīvība; darbs ,taisnīgums; godīgums; drosme ,brīvība; atbildība; patiesība ,atklātība ,
https://ir.lv/2019/03/08/sievietes-un-viriesi-biznesa-ir-vienlidzigi/,2. klase,Karjera,"2. nodarbība - Vai ir tādi darbi, kas paredzēti zēniem, un darbi, kas paredzēti meitenēm?",2. aktivitāte. Vienādojums ar nezināmajiem,Sievietes un vīrieši biznesā ir vienlīdzīgi ,"Biznesa augstskolas Turība absolvente Ilze Kikste-Vaivara, kura vada viesnīcu Boutique Hotel & Restaurant MaMa. Viņa uzsver, ka biznesā veiksmi izšķir nevis dzimums, bet gadu gaitā uzkrātā pieredze un mīlestība pret to, ko dari",Raksts;,5,IR,cieņa; darbs; Latvijas valsts ,atbildība; centība; drosme ,atbildība; harmonija ,pašiniciatīva; pārliecinātība; neatlaidība (noturība); apņēmīgums; pašiedziļināšanās ,
https://jaunatne.gov.lv/iespejas-jauniesiem/,4. klase,Demokrātija,1. nodarbība: Piedalīšanās demokrātijas veidošanā,Ierosme. Piedalīšanās ,"""Iespējas jauniešiem""","Jaunatnes starptautisko programmu aģentūras lapa: Iespējas jauniešiem Latvijā un Eiropā, ES programmu projekti, EuroPeers – programmu vēstneši, pieredzes stāsti un jaunumi, konkursi","Mājas lapa
;",5,Jaunatnes starptautisko programmu aģentūra,Latvijas valsts; kultūra ,solidaritāte; atbildība; drosme ,cilvēks kā persona; atbildība; saskaņa ,pašiniciatīva; līdzdalīgums; spēja sadarboties ,
https://learningapps.org/display?v=ptmuu97qj21,Pirmsskola (6 gadi),Draugi,3. nodarbība: Strīdi ar draugiem,Kopīgā noslēguma apspriede: 5 pirkstu tehnika.,Kas palīdz draudzībai?,"Interaktīva spēle, kurā jāsaprot kuras īpašības palīdz, kuras traucē draudzībai.","Tiešsaistes spēle - cits
;",0,"Praktiķis (vārds, uzvārds nav minēts)",cieņa ,tolerance; laipnība ,cilvēks kā persona; cieņa ,atklātība; draudzīgums ,
https://likumi.lv/ta/id/176425-alkohola-narkotisko-psihotropo-vai-toksisko-vielu-ietekmes-parbaudes-kartiba,7. klase,Narkotikas alkohols,1. nodarbība: Saprātīga izvēle,,"Alkohola, narkotisko, psihotropo vai toksisko vielu ietekmes pārbaudes kārtība","Noteikumi nosaka alkohola, narkotisko, psihotropo vai toksisko vielu ietekmes pārbaudes kārtību.",MK noteikumi;,5,Latvijas Vēstnesis,dzīvība (veselība); Latvijas valsts ,atbildība; godīgums ,cilvēks kā persona; atbildība; patiesība ,kritiskā spriestspēja ,
https://likumi.lv/ta/id/275061-brivpratiga-darba-likums,7. klase,Brīvprātīgais darbs,1. nodarbība: Kāpēc jāveic brīvprātīgais darbs?,3. aktivitāte. Tava kopiena ,Brīvprātīgā darba likums,"Brīvprātīgā darba likumā iespējams iepazīties ar tā mērķi, organizēšanas tiesībām un pienākumiem, darba veicēja skaidrojumu, pienākumiem un tiesībām , tiesisko attiecību nodibināšanu un izbeigšanu.",Likums;,5,Latvijas Vēstnesis,brīvība; darbs; Latvijas valsts ,atbildība; godīgums; centība ,cieņa; brīvība; atbildība ,pašiniciatīva; atvērtība jaunajam; apņēmīgums ,
https://literatura.lv/lv/person/Anna-Irbe/1473554,6. klase,Nauda,1. nodarbība: Vēlmes un vajadzības,3. aktivitāte. Cilvēks - morālā autoritāte,Anna Irbe,"Biogrāfijā ir iespējams iepazīties ar Annas Irbes personisko informāciju, profesionālo darbību, citātu galeriju, nodarbēm, dzimšanas datiem, izglītību.",Biogrāfija;,5,LU LFMI,kultūra; Latvijas valsts ,gudrība ,cilvēks kā persona; brīvība; rūpes ,līdzjūtība; pašiniciatīva; atvērtība jaunajam; apņēmīgums; pazemība ,
https://lv.wikipedia.org/wiki/Anna_Irbe ,6. klase,Nauda,1. nodarbība: Vēlmes un vajadzības,3. aktivitāte. Cilvēks un morālā autoritāte,Anna Irbe,Biogrāfijā iespējams iepazīties ar Annas Irbes dzīvesgājumu. ,Biogrāfija;,3,Vikipēdija,kultūra; Latvijas valsts ,gudrība ,cilvēks kā persona; brīvība; rūpes ,līdzjūtība; pašiniciatīva; atvērtība jaunajam; apņēmīgums; pazemība ,
https://lvportals.lv/norises/287732-demokratija-un-viltus-zinas-2017,7. klase,Viltus ziņas,2. nodarbība: Kas padara ziņu patērētāju tikumīgu?,3. aktivitāte. Domāšanas jautājumi ,Demokrātija un viltus ziņas,Rakstā ir iespējams iepazīties bijušo un esošo Eiropas Cilvēktiesību tiesas tiesnešu viedokli par viltus ziņām.,Raksts;,3,Latvijas Vēstnesis,brīvība; Latvijas valsts ,gudrība; atbildība ,atbildība; patiesība ,zinātkāre; kritiskā spriestspēja; attapība ,
https://maciunmacies.valoda.lv/speles/valodina/aiziet.html ,Pirmsskola (6 gadi),Drošība Internetā,1. nodarbība: Internets ir lielisks,1. aktivitāte. Interneta izmantošana.,Valodiņa. 10 piedzīvojumi valodas pasaulē.,Izglītojoša spēle latviešu valodas apguvei. ,"Tiešsaistes spēle - cits
;",0,Māci un mācies !,darbs ,gudrība; atbildība ,atbildība ,apņēmīgums; zinātkāre ,"Papildus interneta vietnes, kuras izmantot vērtīga satura apguvei - (https://pasakas.nn.lv/), (www.tavaklase.lv) . "
https://manadrosiba.lv/wp-content/uploads/2019/06/e-forma_14plus_alkoholsm.png,7. klase,Narkotikas alkohols,1. nodarbība: Saprātīga izvēle,2. aktivitāte. Narkotiku kaitīgā ietekme ,Alkohols,"Infografikā iespējams iepazīties ar individuālām problēmām, riskantas uzvedības, likumpārkāpumu, seksuālas dabas un attiecību problēmām, kuras var izraisīt alkohola lietošana.","Attēls / plakāts
;",2,Valsts policija,dzīvība (veselība) ,atbildība; gudrība; savaldība ,atbildība ,kritiskā spriestspēja ,
https://manadrosiba.lv/wp-content/uploads/2019/06/e-forma_14plus_narkotikasm.png,7. klase,Narkotikas alkohols,1. nodarbība: Saprātīga izvēle,2. aktivitāte. Narkotiku kaitīgā ietekme ,Narkotikas,"Infografikā ir pieejama informācija par to, kādu risku veselībai rada narkotikas. Kāda atbildība iestājas tās lietojot un kur vērsties pēc palīdzības.","Attēls / plakāts
;",2,Valsts policija,dzīvība (veselība) ,atbildība; gudrība; savaldība ,atbildība ,kritiskā spriestspēja ,
https://medicine.lv/raksti/fizisko-aktivitasu-nozime-bernu-un-jauniesu-ikdiena,3. klase,Fiziskās aktivitātes,1. nodarbība: Kāpēc ir jāsporto?,2. aktivitāte. Dažādi fizisko aktivitāšu veidi ,Fizisko aktivitāšu nozīme bērnu un jauniešu ikdienā,Raksts par fizisko aktivitāšu nozīmi (2015),Raksts;,3,medicine.lv,dzīvība (veselība) ,atbildība; gudrība ,rūpes; atbildība; patiesība; harmonija ,pašiniciatīva; čaklums; apņēmīgums; pašvadība ,
https://open-mind.lv/popularakas-labdaribas-organizacijas-latvija/,3. klase,Brīvprātīgais darbs,1. nodarbība: Kāpēc cilvēki veic brīvprātīgo darbu?,Ierosme. Labdarības organizāciju logotipi ,Populārākās labdarības organizācijas Latvijā,Informācija par  pazīstamākajām un populārākajām labdarības organizācijām Latvijā,Raksts;,5,open-mind.lv,cieņa; Latvijas valsts; kultūra ,taisnīgums; solidaritāte; atbildība ,cilvēks kā persona; mīlestība; saskaņa ,izpalīdzība; līdzjūtība; empātija; dāsnums; pašiniciatīva; apņēmīgums; līdzdalīgums; spēja sadarboties ,
https://pasakas.nn.lv/pasakas/literaras_pasakas/d/draudzibas_speks/,Pirmsskola (5 gadi),Jūtas ,3. nodarbība: Nepatīkamas jūtas,Kopīgā noslēguma apspriede.  Stāstu grāmata.,"Dzirdas Rinkules Zemzares pasaka ""Draudzības spēks""","Dzirdas Rinkules Zemzares pasaka ""Draudzības spēks"" lasāma un klausāma audio ierakstā.",Mājas lapa - audio pasaka;,3,pasakas.nn.lv,cieņa ,laipnība; drosme; gudrība ,rūpes; saskaņa; daba ,izpalīdzība; līdzjūtība; pateicīgums; spēja sadarboties ,
https://pusaudzim.lv/    ,8. klase,Veselīgas attiecības,1. nodarbība: Emocionālā veselība,4. aktivitāte. Labklājības forums , Pusaudžu e-resursu centrs,"Mājaslapa, kurā skolēniem ir iespējams saņemt palīdzību no speciālistiem attālināti.","Mājas lapa
;",2,Pusaudžu e-resursu centrs,dzīvība (veselība) ,drosme ,cilvēks kā persona; rūpes; patiesība; miers ,pašiniciatīva; atvērtība jaunajam; atklātība ,
https://quizizz.com/admin/quiz/5c55a0f61eb942001ecbb705/iepaz%C4%ABsti-profesiju-pasauli,2. klase,Karjera,1. nodarbība: Kāpēc cilvēki strādā?,Kopīgā noslēguma apspriede. Pēc 10 gadiem,Viktorīna “Iepazīsti profesiju pasauli!”,"15 jaurtājumi, lai skolēni varētu atpazīst profesijas. Katram jautājumam 4 attēli un 4 profesiju apraksti",Tiešsaistes spēle - Viktorīna;,10,quizizz.com,darbs ,gudrība; centība ,atbildība; harmonija ,pašiniciatīva; pārliecinātība; atvērtība jaunajam; pašiedziļināšanās ,
https://rebaltica.lv/recheck/,3. klase,Viltus ziņas,1. nodarbība: Kas ir viltus ziņas?,1. aktivitāte. Viltus ziņu atpazīšana ,"faktu pārbaudes mājas lapa ""Re:check""",  Re:Check ir Baltijas pētnieciskās žurnālistikas centra Re:Baltica paspārnē strādājoša faktu pārbaudes un sociālo tīklu pētniecības virtuāla laboratorija.,"Mājas lapa
;",10,Re:Baltica,brīvība; kultūra; Latvijas valsts ,atbildība; godīgums; gudrība ,cieņa; atbildība; patiesība ,pārliecinātība; kritiskā spriestspēja; zinātkāre ,
https://registri.visc.gov.lv/vispizglitiba/saturs/dokumenti/metmat/vertibizglitiba/default.html,Pirmsskola (6 gadi),Draugi,1. nodarbība: Laba drauga tikumi,1. aktivitāte. Labs draugs ir...,"ATŠĶIRĪBAS. Attieksme pret atšķirīgo, tolerance un līdzjūtība.",Interaktīvs mācību materiāls par draugu īpašībām un atšķirībām.,Interaktīvs mācību materiāls;,0,VISC,cieņa ,laipnība; godīgums ,mīlestība; saskaņa ,draudzīgums; empātija ,
https://registri.visc.gov.lv/vispizglitiba/saturs/dokumenti/metmat/vertibizglitiba/default.html,Pirmsskola (6 gadi),Draugi,1. nodarbība: Laba drauga tikumi,Kopīgā noslēguma apspriede: 5 pirkstu tehnika.,"Mācīties, draudzēties, spēlēties","Spēle  radošā un vienkāršā veidā māca bērniem svarīgākās saskarsmes un konfliktu risināšanas prasmes, pirmsskolas posmā un sākumskolā.","Spēles metodoloģija, informatīvas prezentācijas;",0,uzvediba.lv,cieņa ,tolerance; savaldība ,saskaņa; cilvēks kā persona ,empātija; draudzīgums; spēja sadarboties ,
https://registri.visc.gov.lv/vispizglitiba/saturs/dokumenti/metmat/vertibizglitiba/default.html ,1. klase,Draudzība,1. nodarbība: Kādas īpašības piemīt labam draugam?,2. aktivitāte. Draudzības recepte.,Interaktīvs mācību līdzeklis - vērtībizglītība.,"Interaktīvs materiāls, kas mudina skolēnus domāt par atšķirīgām īpašībām, kuras piemīt draugiem. ","Tiešsaistes spēle - cits
;",0,VISC,cieņa; ģimene ,godīgums; savaldība ,cilvēks kā persona; mīlestība; saskaņa ,draudzīgums; pateicīgums ,
https://satori.lv/article/zalgalvja-7-serija-dzive-digitalaja-troksni?fbclid=IwAR20dZeHjpAixCbQwJvxfbqxt_va_NiUt0bAI4HXiob4HmfjnhQeB-xt9eQ.,8. klase,Tehnoloģijas,2. nodarbība: Pozitīvas tiešsaistes reputācijas veidošana,1. aktivitāte. Reputācija tiešsaistē ,"""Zaļgalvja"" 7. sērija: dzīve digitālajā troksnī","Raidījuma ""Zaļgalvi""7. sērija, kurā Rvīns Varde tiekas ar interneta žurnāla ""Satori"" galveno redaktoru Henriku Eliasu Zēgneru, lai parunātu par līdzsvara saglabāšanu informācijas piesātinātajā digitālajā laikmetā.","Video - dokumentāla filma
;",14,Satori,dzīvība (veselība) ,atbildība; mērenība ,atbildība; daba; harmonija ,kritiskā spriestspēja; pārliecinātība; neatlaidība (noturība) ,
https://skaties.lv/zinas/latvija/sabiedriba/spej-vins-spej-vina-ar-kampanu-latvija-uzsak-cinu-pret-dzimumu-stereotipiem/,2. klase,Karjera,"2. nodarbība - Vai ir tādi darbi, kas paredzēti zēniem, un darbi, kas paredzēti meitenēm?",2. aktivitāte. Vienādojums ar nezināmajiem,SIF projekts “Spēj viņa = spēj viņš” mājas lapa ar TV3 sižetu,202. gada marta kampaņas mājas lapa ciņā pret dzimumu stereotipiem profesijas izvēlē. Satur pētījuma informāciju un arī 3 minūšu gars TV3 sizētu par šo tēmu,"Mājas lapa
;",5,skaties.lv,brīvība; darbs ,taisnīgums; solidaritāte; godīgums ,vienlīdzība; cilvēks kā persona; cieņa; brīvība; saskaņa ,pārliecinātība; atvērtība jaunajam; pašiedziļināšanās; līdzdalīgums ,
https://spoki.lv/testi/Vai-spej-atskirt-viltus-zinas-no/877575,3. klase,Viltus ziņas,1. nodarbība: Kas ir viltus ziņas?,1. aktivitāte. Viltus ziņu atpazīšana ,Vai spēj atšķirt viltus ziņas no patiesām ziņām? Izpildi testu un pārbaudi sevi!,"10 jautājumi ar bildēm. Skolēniem jāatpazīst, kuri ziņu raksti ir viltus ziņas, kā viņi to saprata, kā arī kādas norādes tur atrodas.",Tiešsaistes spēle - Viktorīna;,5,spoki.lv,brīvība; kultūra ,godīgums; gudrība ,cieņa; patiesība ,pārliecinātība; zinātkāre; kritiskā spriestspēja ,
https://www.delfi.lv/calis/enciklopedija/kapec-biezi-jamazga-rokas-uzskatams-fizikas-eksperiments-berniem.d?id=51968575  ,Pirmsskola (5 gadi),Mana veselība,1. nodarbība: Tīras rokas,1. aktivitāte. Roku mazgāšana.,Kāpēc bieži jāmazgā rokas? Uzskatāms fizikas eksperiments bērniem ,"Kā bērniem vīrusu draudu laikā parādīt, ka rokas ir jāmazgā, turklāt ļoti bieži? Šim darbiņam var noderēt vienkāršs fizikas eksperiments – bērnam vien jāiemērc ""mikrobu"" pilnā traukā pirkstiņš, lai to uzskatāmi redzētu.",Video - eksperiments.;,1,www.delfi.lv,dzīvība (veselība) ,centība; gudrība ,atbildība ,atvērtība jaunajam; radošums; pašvadība ,
https://www.draudzigsinternets.lv/bernu-drosiba-interneta/ ,Pirmsskola (6 gadi),Drošība Internetā,3. nodarbība: Personīgās informācijas turēšana drošībā,Papildmateriāli,Bērnu drošība internetā ,"Uzvedības noteikumi un principi, kas bērniem jāievero izmantojot internetu. ","Mājas lapa
;",0,www.draudzigsinternets.lv,cieņa; brīvība ,atbildība; gudrība ,atbildība ,attapība; pašvadība ,
https://www.dzirkstele.lv/vietejas-zinas/viltus-zinu-veidi-ko-par-tiem-zinam-164708,3. klase,Viltus ziņas,1. nodarbība: Kas ir viltus ziņas?,, Viltus ziņu veidi: ko par tiem zinām?,Raksts par vilstus ziņu atpazīšanu un citiem ieteikumiem (2018),Raksts;,5,dzirkstele.lv,cieņa ,godīgums; gudrība ,cieņa; atbildība; patiesība ,zinātkāre; kritiskā spriestspēja; attapība ,
https://www.esparveselibu.lv/sites/default/files/2019-12/VeselsBerns_web_0.pdf,2. klase,Kaitīgas vielas,1. nodarbība: Kas ir kaitīgas vielas?,Papildmateriāli,"Veselības ministrijas materiāls ""Vesels bērns""",Informatīvs materiāls izglītības iestāžu pedagogiem par veselības izglītības jautājumiem 1.-6. klasei,Informatīvais materiāls pdf;,15,Veselības ministrija,dzīvība (veselība); brīvība ,atbildība; gudrība; mērenība; savaldība ,rūpes; brīvība; atbildība; harmonija ,pārliecinātība; apņēmīgums; pazemība; kritiskā spriestspēja; pašiedziļināšanās; pašvadība ,
https://www.esparveselibu.lv/sites/default/files/2019-12/VeselsBerns_web_0.pdf,1. klase,Uzturs,1. nodarbība: Kas ir sabalansēts uzturs?,Tikumu praktizēšanas iespējas,Vesels bērns,"Informatīvs materiāls izglītības iestāžu pedagogiem par veselības izglītības jautājumiem. Sk. tēmu ""Atkarību izraisošās vielas un procesi” (62.-99. lpp.).",PDF - informatīvs materiāls;,0,Veselības ministrija,dzīvība (veselība) ,atbildība; gudrība ,rūpes; atbildība ,kritiskā spriestspēja; zinātkāre; pašvadība ,"Aktuālākā sadaļa ""Veselīgs uzturs"" skatāma 7.-26. lpp. "
https://www.esparveselibu.lv/sites/default/files/2019-12/VeselsBerns_web_0.pdf ,Pirmsskola (5 gadi),Mana veselība,2. nodarbība: Veselīgs uzturs,Tikumu praktizēšanas iespējas,Informatīvs materiāls izglītības iestāžu pedagogiem par veselības izglītības jautājumiem no 1. līdz 6. klasei,Informatīvs materiāls izglītības iestāžu pedagogiem par veselības izglītības jautājumiem No 1. līdz 6. klasei,Informatīvs materiāls izglītības iestāžu pedagogiem;,0,Veselības ministrija,dzīvība (veselība) ,gudrība; mērenība ,atbildība ,pašiniciatīva; pārliecinātība; neatlaidība (noturība) ,
https://www.facebook.com/watch/?v=294471068505733,9. klase,Garīgā veselība,2. nodarbība: Pašcieņa,3. aktivitāte. Liecības ,"""Dzīvei nav melnraksta"" : Gatis Caunītis","Intervijā Gatis Caunītis stāsta par savu dzīvi pēc tam, kad amputētas abas rokas. ","Video - intervija, saruna
;",8,LTV Ziņu dienests ,dzīvība (veselība); brīvība ,drosme; godīgums ,cilvēks kā persona; brīvība; patiesība ,pateicīgums; apņēmīgums; pazemība ,
https://www.facebook.com/watch/?v=530748801616981,9. klase,Veselīgas attiecības,1. nodarbība: Pārvarēt sēras,4. aktivitāte. Inese Prisjolkova - alternatīva,"""Dzīvei nav melnraksta"". Anete Bendika","Anete Bendika ir jauna sieviete, divu dēlu mamma. Un viens no dēliem – Hermanis ir mūžīgais bērns ar smagu invaliditāti. Sākotnēji bez aizdomām, ka kaut kas var būt ne tā, tad ilgstošs ceļš līdz diagnozes noteikšanai un tagad katru dienu nemitīgs darbs, rūpējoties par Hermani un viņa dzīves kvalitāti.","Video - intervija, saruna
;",16,LTV Ziņu dienests ,dzīvība (veselība); ģimene ,atbildība; drosme ,rūpes; mīlestība; atbildība ,atklātība; apņēmīgums; neatlaidība (noturība) ,
https://www.filmas.lv/movie/1338/,9. klase,Veselīgas attiecības,2. nodarbība: Eksistenciālie jautājumi,"4. aktivitāte. Kas ietekmē, nosaka, palīdz izdarīt izšķirošas izvēles? ",Nāves ēnā,"Filma pēc Rūdolfa Blaumaņa noveles. 19. gadsimta beigas Latvijā. Atlūzis ledus gabals nes četrpadsmit zvejniekus un viņu pajūgus arvien tālāk jūrā. Tikai piektās dienas rītā pie apvāršņa parādās igauņu laiva, bet tajā visi nevar sakāpt – trijiem jāpaliek uz ledus, tāpēc zvejnieki velk lozes.",Video - mākslas filma;,10,Rīgas kinostudija,dzīvība (veselība); kultūra ,drosme ,atbildība ,pārliecinātība ,
https://www.izglitiba.daugavpils.lv/Media/Default/file/=2012/BIC/180207_Inform_materials_I_love.pdf  ,Pirmsskola (5 gadi),Palīdzība,1. nodarbība: Kurš var mums palīdzēt?,Papildmateriāli,Pilsoniskā un patriotiskā audzināšana,Informatīvais materiāls vecākiem bērnu pilsoniskajā un patriotiskajā audzināšanā.,Informatīvs materiāls;,0,Kristīna Ivancova,Latvijas valsts; cieņa ,laipnība; gudrība ,rūpes; atbildība ,zinātkāre; pateicīgums ,
https://www.jw.org/lv/b%C4%ABbeles-m%C4%81c%C4%ABbas/jaunie%C5%A1iem/anim%C4%81cija-video/nepadodies-vienaud%C5%BEu-spiedienam/,9. klase,Veselīgas attiecības,3. nodarbība: Vienaudžu izdarītais spiediens,2. aktivitāte. Nepakļaušanās vienaudžu izdarītajam spiedienam ,Nepadodies vienaudžu spiedienam!,"Skolēni var uzzināt, kas var palīdzēt pretoties vienaudžu spiedienam.","Video - multiplikācijas īsfilma
;",4,Jehovas liecinieki,dzīvība (veselība); brīvība ,drosme; godīgums; atbildība ,cilvēks kā persona; rūpes; atbildība; brīvība; miers ,pārliecinātība; neatlaidība (noturība); kritiskā spriestspēja; atklātība ,
https://www.jw.org/lv/b%C4%ABbeles-m%C4%81c%C4%ABbas/jaunie%C5%A1iem/anim%C4%81cija-video/nepadodies-vienaud%C5%BEu-spiedienam/,3. klase,Vienaudžu spiediens,1. nodarbība: Kas ir vienaudžu izdarītais spiediens?,,Animācijas filma “Nepadodies vienaudžu spiedienam!”,"Animācijas filmiņa, kur skolēni var uzzināt, kas var palīdzēt pretoties vienaudžu spiedienam. Atraktīvi izveidota","Video - multiplikācijas īsfilma
;",4,jw.org,brīvība; cieņa ,taisnīgums; godīgums; gudrība; drosme ,cilvēks kā persona; cieņa; atbildība; miers; saskaņa ,pārliecinātība; apņēmīgums; kritiskā spriestspēja; pašvadība ,
https://www.la.lv/95-gadu-vecuma-miris-nelsons-mandela,5. klase,Kopienas,"2. nodarbība: Kopiena, daudzveidība un dažādība",Alternatīva 4. aktivitātei: Cilvēks-morāla autoritāte ,95 gadu vecumā miris Nelsons Mandela,raksts par Nelsonu Mandelu pēc viņa nāves ar svarīgākajiem viņa sasniegumiem dzīves laikā,Raksts;,4,la.lv,brīvība; cieņa; kultūra ,taisnīgums; tolerance; solidaritāte; drosme ,cilvēks kā persona; cieņa; mīlestība; brīvība; saskaņa ,izpalīdzība; pašiniciatīva; pārliecinātība; neatlaidība (noturība); apņēmīgums ,
https://www.labdaribasfaktors.lv/top-5-labdaribas-organizacijas-pasaule/,3. klase,Brīvprātīgais darbs,1. nodarbība: Kāpēc cilvēki veic brīvprātīgo darbu?,Ierosme. Labdarības organizāciju logotipi , Top 5 labdarības organizācijas pasaulē,"Saraksts ar organizācijām, kuras ir veiksmīgi sevi pierādījušas un kļuvušas kā paraugs citām šādām organizācijām. ","Mājas lapa
;",5,Labdarības faktors,cieņa; Latvijas valsts ,taisnīgums; līdzcietība; solidaritāte; laipnība ,cilvēks kā persona; rūpes; mīlestība; atbildība; saskaņa ,izpalīdzība; dāsnums; līdzdalīgums; spēja sadarboties ,
https://www.laikmetazimes.lv/2015/05/11/alberts-sveicers-1dala-filozofs-teologs-humanists/,7. klase,Brīvprātīgais darbs,2. nodarbība: Kā brīvprātīgais darbs var mani pilnveidot?,2. aktivitāte. Cilvēks-morālā autoritāte ,Laikmeta zīmes,Interneta vietne “Laikmeta zīmes” ir hobijžurnālista Ervīna Jākobsona veidots un rediģēts blogs. Informācija par A. Šveiceru.,Biogrāfija;,2,Laikmeta zīmes,darbs; ģimene ,atbildība; centība; drosme; gudrība ,cilvēks kā persona; rūpes; atbildība; patiesība; harmonija ,izpalīdzība; līdzjūtība; dāsnums; pašiniciatīva; neatlaidība (noturība); apņēmīgums; atklātība ,
https://www.lia.lv/lv/info/drosaka-interneta-centrs,2. klase,Kiberterorizēšana,2. nodarbība - Kā kiberterorizēšana mūs ietekmē?,noslēguma apspriede: kur saņemt palīdzību,Drošāka interneta centra mājas lapa,"Informācija par Latvijas Drošāka interneta centru un to darbības virzieniem:  IZGLĪTOŠANAS DARBS (drossinternets.lv), ZIŅOJUMU LĪNIJA (par atklātajiem pārkāpumiem un nelegālu saturu internetā) un UZTICĪBAS TĀLRUNIS (nodrošina Valsts bērnu tiesību aizsardzības inspekcija)","Mājas lapa
;",4,Latvijas interneta asociācija,cieņa ,taisnīgums; atbildība; gudrība ,drošība; cieņa; rūpes; atbildība; miers ,izpalīdzība; kritiskā spriestspēja ,
https://www.lsm.lv/raksts/zinas/latvija/datorspelu-razotaji-izmanto-pat-azartspelu-biznesa-elementus-sankciju-nav.a297493/ ,9. klase,Tiešsaistes atkarības,1. nodarbība: Tiešsaistes azartspēles un atkarība,2. aktivitāte. Atkarība ,Aizliegtais paņēmiens. Operācija: «Fortnite»,"Raidījumā tiek analizēts kā datorspēļu ražotāji izmanto pat azartspēļu biznesa elementus, taču sankciju par to nav.","Video - dokumentāla filma
;",5,LTV,dzīvība (veselība) ,mērenība; atbildība; gudrība ,atbildība ,kritiskā spriestspēja; pašvadība; attapība ,
https://www.lsm.lv/smadzenu-skalotava,3. klase,Viltus ziņas,2. nodarbība: Kas padara žurnālistu tikumīgu?,2. aktivitāte. Būt par žurnālistu ,"Spēle ""Smadzeņu skalotavas"" ","Skolēni izvēlas vienu no četrām lomām, atlasa attēlus, kurus savā sociālajā medijā varētu publicēt izvēlētais tēls, spēles beigās uzzina, vai atbilst savai izvēlētajai lomai","Tiešsaistes spēle - cits
;",12,lsm.lv,cieņa; Latvijas valsts; kultūra ,taisnīgums; godīgums; gudrība ,cieņa; patiesība; atbildība ,zinātkāre; kritiskā spriestspēja; attapība ,
https://www.parprof.lv/,2. klase,Karjera,"2. nodarbība: Vai ir tādi darbi, kas paredzēti zēniem vai meitenēm?",2. aktivitāte. Vienādojums ar nezināmajiem,"TV ziņas - sižets ""Spēj viņa = spēj viņš""","Spēle profesiju iepazīšanai. par dažādām prasmēm, zināšanām, īpašībām, darba apstākļiem un instrumentiem, kas nepieciešami katrā profesijā. Spēli uztur VIAA 2 sadaļas - profesijas un kompass. Var izmantot, lai pārrunātu vairāk piemēru par profesiju stereotipiem","Tiešsaistes spēle - cits
;",15,VIAA,darbs ,līdzcietība; atbildība; gudrība ,atbildība; cieņa ,pašiniciatīva; atvērtība jaunajam; apņēmīgums; zinātkāre ,
https://www.profesijupasaule.lv/,2. klase,Karjera,3. nodarbība: Kādu darbu es varētu strādāt?,,"Mājas lapa ""Profesiju pasaule"" ",Mājas lapa ar noderīgiem resursiem un saitēm par profesijām. Lapas cilnes: Meklēšana; Uzņēmumu saraksts; Profesiju saraksts; Resursu saraksts. Citas mājas lapas sadaļas: Kā izvēlēties izglītības iestādi; Izpēti profesiju pats!; Uzdod jautājumu e-konsultantam!; Iepazīsti profesiju dažādību! u.c.,"Mājas lapa
;",5,VIAA,darbs ,atbildība ,atbildība ,atvērtība jaunajam; zinātkāre; kritiskā spriestspēja; pašiedziļināšanās ,
https://www.redcross.lv/jauniesi/kas-mes-esam/,7. klase,Brīvprātīgais darbs,2. nodarbība: Kā brīvprātīgais darbs var mani pilnveidot?,1. aktivitāte. Jaunatnes sociālā darbība ,Latvijas Sarkanā Krusta Jaunatne,"Mājaslapā iespējams noskatīties video par LSKJ, kura apvieno jauniešus vecumā no 13 līdz  ~30 gadiem.","Mājas lapa
;Video - dokumentāla filma
;",3,Latvijas Sarkanais Krusts,brīvība; darbs ,atbildība; drosme; centība ,atbildība; brīvība ,izpalīdzība; pašiniciatīva; atvērtība jaunajam; apņēmīgums; līdzdalīgums ,
https://www.skalbes.lv/,8. klase,Veselīgas attiecības,1. nodarbība: Emocionālā veselība,4. aktivitāte. Labklājības forums ,"Krīžu un konsultāciju centrs ""Skalbes""","Krīžu un konsultāciju centra ""Skalbes"" mājaslapa. Tajā ietverta informācija, kādos gadījumos jaunieši var vērsties, ja nonākuši grūtā situācijā.","Mājas lapa
;",3,"Krīžu un konsultāciju centrs ""Skalbes""",dzīvība (veselība); darbs ,drosme ,cilvēks kā persona; rūpes; miers; patiesība ,pašiniciatīva; atvērtība jaunajam; atklātība ,
https://www.skolanakotnei.lv/,7. klase,Viltus ziņas,1. nodarbība: Kas ir viltus ziņas?,3. aktivitāte. Viltus ziņu atpazīšana ,Solve for Tomorrow,"Mājaslapā iespējams iepazīties ar informāciju par idejām un pieredzēm, kas palīdzētu sabiedrībai pandēmijas laikā un pēc tās atgūt līdzsvaru starp tiešsaistes un bezsaistes dzīvi. Mājaslapā pieejami dažādi video materiāli.","Mājas lapa
;",5,Samsung Electronics Baltics,dzīvība (veselība); ģimene; darbs ,atbildība; mērenība; gudrība ,rūpes; atbildība; saskaņa ,līdzdalīgums; spēja sadarboties; kritiskā spriestspēja; pašiniciatīva ,
https://www.spkc.gov.lv/lv/aktiva-ik-diena,3. klase,Fiziskās aktivitātes,1. nodarbība: Kāpēc ir jāsporto?,2. aktivitāte. Dažādi fizisko aktivitāšu veidi ,Sabiedrības informēšanas kampaņu „Aktīva ik diena!”,2015. gadā Veselības ministrija un Slimību profilakses un kontroles centrs īstenoja sabiedrības informēšanas kampaņu „Aktīva ik diena!”. Kampaņas uzdevums bija aktualizēt fizisko aktivitāšu nozīmi veselības saglabāšanā. Mājas lapas sadaļas: Veselības maršruti; Sportiskais randiņš; Informatīvi materiāli; Vingrojumu kompleksi; Fizisko aktivitāšu tests,"Mājas lapa
;",10,"SPKC, Veselības ministrija",dzīvība (veselība) ,centība; atbildība ,brīvība; atbildība; daba; harmonija ,pašiniciatīva; neatlaidība (noturība); pašvadība ,
https://www.vestnesis.lv/ta/id/18374 ,6. klase,Nauda,1. nodarbība: Vēlmes un vajadzības,3. aktivitāte. Cilvēks-morālā autoritāte ,Latviešu pēdas rīta zemē Indijā. Reiz un tagad.,Biogrāfijā iespējams iepazīties ar Annas Irbes dzīvesgājumu.,Biogrāfija;,4,Latvijas Vēstnesis,kultūra; Latvijas valsts ,gudrība ,cilvēks kā persona; rūpes; brīvība ,līdzjūtība; pašiniciatīva; atvērtība jaunajam; apņēmīgums; pazemība ,
https://www.viaa.gov.lv/lv/ilustrativie-materiali,2. klase,Karjera,3. nodarbība: Kādu darbu es varētu strādāt?,,"Ilustratīvie materiāli, infografikas karjeras atbalstam","apmēram 20 infogrāfikas par šādām tēmām: Vienlīdzīgas karjeras iespējas sievietēm un vīriešiem, karjeras orientēšanās karte, kā plānot karjeru, kā iepazīt profesiju, kas Tev jāuzzin par sevi, lai veiksmīgi plānotu karjeru, iepazīsti savu profesiju (lidmašīnas trafarets) u.c. ","Attēls / plakāts
;",5,VIAA,darbs ,atbildība; gudrība ,atbildība ,pārliecinātība; zinātkāre; kritiskā spriestspēja; pašiedziļināšanās ,
https://www.viaa.gov.lv/lv/media/2549/download,2. klase,Karjera,"2. nodarbība - Vai ir tādi darbi, kas paredzēti zēniem, un darbi, kas paredzēti meitenēm?",2. aktivitāte. Vienādojums ar nezināmajiem,Vienlīdzīgas karjeras iespējas sievietēm un vīriešiem  ,"Infografika skolēnu informēšanai par viņu tiesībām un iespējām izvēlēties izglītības iestādi vai darbu neatkarīgi no dzimuma, kā arī diskusijas veicināšanai par vienlīdzīgām karjeras iespējām.",infografika;,3,www.niid.lv,brīvība; darbs ,centība; gudrība ,atbildība ,pašiniciatīva; pārliecinātība; atvērtība jaunajam; kritiskā spriestspēja; pašiedziļināšanās ,karjera
https://www.vugd.gov.lv/lv/izglitojosi-materiali-berniem-un-jauniesiem,Pirmsskola (5 gadi),Palīdzība,2. nodarbība: Ārkārtas situācijas,Papildmateriāli.,Izglītojoši materiāli bērniem un jauniešiem par drošību,"Valsts ugunsdzēsības un glābšanas dienests ir sagatavojis informatīvi izglītojošus materiālus bērniem un jauniešiem. Pezentācijas, testi un izdrukājamas darba lapas, kas ļaus interesantā veidā izprast svarīgu informāciju par drošību.","Dažādi (darba lapas, krāsojamās lapas, plakāti, prezentācijas);",0,VUGD,dzīvība (veselība) ,atbildība; drosme ,atbildība; rūpes ,izpalīdzība; pašiniciatīva; pašvadība ,Piedāvāto materiālu ir daudz. Tāpēc rūpīgi tos apskatiet un izvērtējiet atbilstību konkrētajam vecumposmam.
https://www.vugd.gov.lv/lv/profesijas-valsts-ugunsdzesibas-un-glabsanas-dienesta ,Pirmsskola (5 gadi),Palīdzība,1. nodarbība: Kurš var mums palīdzēt?,Papildmateriāli,Profesijas Valsts ugunsdzēsības un glābšanas dienestā,"Šeit Jūs atradīsiet elektroniski izglītojošos materiālus bērniem un jauniešiem par VUGD darbības jomām,  par profesijām, kas ir dienestā – ugunsdzēsējs glābējs, ugunsdrošības uzraudzības inspektors, 112 zvanu dispečers un citas.",Prezentācija / darba lapas;,0,VUGD,dzīvība (veselība) ,atbildība; drosme; savaldība ,atbildība ,pārliecinātība; pašvadība; atbildība ,
https://www.youtube.com/watch?v=0I8IbjXe5EM,5. klase,Sociālie tīkli,1. nodarbība: Palikt drošībā,Ierosme. Tests ,Videoblogs - Sociālie tīkli.,"""Šoreiz video blogā parunāsim par sociālo tīklu izmantošanu. Pirmais, pats svarīgākais secinājums -- internetā ir tie paši noteikumi, kas uz ielas! Jo savā ziņā interneta vide ir patiesi kā viena liela pilsētas centrālā iela.""","Video - intervija, saruna
;",10,nakotnesparks blogs,cieņa; kultūra ,atbildība; gudrība; mērenība ,cieņa; atbildība; miers; saskaņa ,kritiskā spriestspēja; attapība; pašvadība ,
https://www.youtube.com/watch?v=1iuZuqQze5E,2. klase,Kaitīgas vielas,3. nodarbība: Pareiza izvēle,,"Kampaņas ""Spēks pateikt NĒ!"" reklāmas klips (pret smēķēšanu)","Lai mazinātu tabakas izstrādājumu un alkohola atkarību izplatību, Veselības ministrijas informatīvā kampaņa ""Spēks pateikt NĒ!” mudina sabiedrību atteikties no atkarību izraisošām vielām. Kampaņas mērķis ir samazināt tabakas izstrādājumu un alkohola popularitāti un lietošanu kā jauniešu vidū, tā arī sabiedrībā kopumā.","Video - intervija, saruna
;",1, Veselības ministrija ,dzīvība (veselība); brīvība ,atbildība; gudrība; drosme; mērenība; savaldība ,rūpes; brīvība; atbildība; harmonija ,pārliecinātība; kritiskā spriestspēja; pašiniciatīva; pašvadība ,
https://www.youtube.com/watch?v=2EcMtHQ6K5U,8. klase,Tava nākotne,1. nodarbība: Laba dzīve,3. aktivitāte.  “Labas dzīves” izpratne,Tiecības. Operdziedātāja Marina Rebeka. Par labā pārsvaru pār ļauno pasaulē.,"Katoļu baznīcas informācijas aģentūras (KABIA) iniciētā projekta ""Tiecības"" astotais video stāsts. Par ticības un garīguma nozīmi savā dzīvē stāsta viena no izcilākajām mūsdienu dziedātājām, pasaules slavu guvusī latviešu operdziedātāja, soprāns Marina Rebeka","Video - dokumentāla filma
;",4, Katoļu baznīcas informācijas aģentūra,brīvība ,gudrība ,cilvēks kā persona; mīlestība; brīvība; patiesība; harmonija ,pateicīgums; pārliecinātība; pašiedziļināšanās; atklātība ,
https://www.youtube.com/watch?v=2j65V5AeCdo,4. klase,Stress,1. nodarbība: Kas ir stress?,1. aktivitāte. Kas tev rada stresu? ,"""Par ko streso Latvijas bērni""","Mazas intervijas ar bērniem par to, kā viņi saprot stresu. Lauris Reiniks cenšas noskaidrot, kādas ir bērnu zināšanas par stresu. Par ko, viņuprāt, visbiežāk izjūt stresu pieaugušie un viņi paši? Kas satraukuma mirkļos palīdz nomierināties?","Video - intervija, saruna
;",4, Lauris Reiniks ,dzīvība (veselība) ,laipnība; gudrība; mērenība ,cilvēks kā persona; rūpes; harmonija; miers ,līdzjūtība; pazemība; pašiedziļināšanās; pašvadība ,
https://www.youtube.com/watch?v=2uNKxfe8dGk&ab_channel=Slim%C4%ABbuprofilaksesunkontrolescentrs,Pirmsskola (5 gadi),Mana veselība,3. nodarbība: Fiziskās aktivitātes ,"Kolēģu ieteiktie materiāli, kas noder nodarbības papildināšanai.",Veselība ir kustībā! Fiziskās aktivitātes 3-5 gadu vecumā,Slimību profilakses un kontroles centra izveidots video par fizisko aktivitāšu nozīmi 3-5 gadus veciem bērniem. ,"Video - ieteikumi, pamācība vecākiem;",3,SPKC,dzīvība (veselība) ,centība; atbildība ,rūpes; cilvēks kā persona ,neatlaidība (noturība); apņēmīgums; līdzdalīgums ,
https://www.youtube.com/watch?v=4R5D25D3AFI,4. klase,Konfliktu risināšana,"2. nodarbība: Situācijas, kurās abas puses ir ieguvējas",Ierosme. Konfliktu risināšanas pieredzi ,Konfliktu risināšanas pieredze,Dziedātājs Kaspars Zlidnis - par viņa konfliktu risināšanas pieredzi. ,"Video - intervija, saruna
;",5, LU kanāls - atbalstslulv ,cieņa; kultūra ,līdzcietība; laipnība; gudrība; mērenība; savaldība ,cieņa; rūpes; harmonija; saskaņa ,līdzjūtība; empātija; kritiskā spriestspēja; pašvadība; draudzīgums ,
https://www.youtube.com/watch?v=5hCIlZ2rTMc,1. klase,Uzturs,1. nodarbība: Kas ir sabalansēts uzturs?,Papildmateriāli,"Ko vislabāk ēst brokastīs, ko pusdienās un ko vakariņās?",–	Garšas eksperts Normunds Baranovskis un uztura speciāliste Olga Ļubina stāsta par veselīgu uzturu visas dienas garumā.,"Video - intervija, saruna
;",25,Rimi Latvija,dzīvība (veselība) ,atbildība; savaldība; mērenība ,rūpes; atbildība ,neatlaidība (noturība); pārliecinātība; kritiskā spriestspēja ,Papildus varat noskatīties “Kā uzbūvēt pašam savu uztura piramīdu?” (23.34 min.) https://www.youtube.com/watch?v=3c76OadqhQc
https://www.youtube.com/watch?v=6OW32j66ht0,4. klase,Konfliktu risināšana,3. nodarbība: Mediatori,1. aktivitāte. Mediatori ,Par prasmi risināt konfliktus: mediatore un komunikācijas trenere Ilze Dzenovska,"Gara un saturīga intervija. Video aprakstā norādīti intervijas pieturpunkti ar laikiem. Ilze Dzenovska šajā sarunā stāsta par: - 5 stratēģijām, kā cilvēki parasti risina konfliktus - kāpēc tās izvēlamies un ko tās cilvēkam maksā; - konflikta anatomiju jeb to, kas ir konflikta pamatā; - bīstamu rīcību, kā cilvēki konfliktus bieži pasliktina un padara grūti risināmus; - metodēm, kas jāņem vērā, lai uzlabotu iespējas sekmīgai konflikta risināšanai.","Video - intervija, saruna
;",90,CILVĒKJAUDA,cieņa; kultūra; Latvijas valsts ,tolerance; laipnība; godīgums; savaldība ,cilvēks kā persona; cieņa; patiesība; harmonija; saskaņa ,empātija; atvērtība jaunajam; pazemība; pašiedziļināšanās; pašvadība; draudzīgums ,
https://www.youtube.com/watch?v=8yfG0-F5kE8,7. klase,Narkotikas alkohols,2. nodarbība: Ieradumi,2. aktivitāte. Cilvēks-morālā autoritāte ,Filma par priesteri Mariušu Kempu | 2009,"Ieskats Līgas Puķītes filmā par Kurzemes diecēzē kalpojošo poļu priesteri Mariušu Kempu. Sarunas ar garīdznieku par aicinājumu, ticību un pilnīgu savas dzīves veltīšanu Dievam. Ainas no priestera dzīves  un kalpošanas. Priestera vecāki un citi ģimenes locekļi dalās atmiņās par Mariuša lēmumu par priesterību. Fragmenti no priestera vadītā svētceļojuma no Liepājas uz Aglonu.","Video - dokumentāla filma
;",25,Vertikāle,kultūra; brīvība ,drosme ,rūpes; mīlestība; patiesība; harmonija ,līdzjūtība; pateicīgums; pazemība; pašiedziļināšanās ,
https://www.youtube.com/watch?v=a426FaOsVvM,5. klase,Kopienas,"2. nodarbība: Kopiena, daudzveidība un dažādība",5. aktivitāte. Cilvēki-morālās autoritātes ,Himnas stāsts. Lidija Lasmane-Doroņina,"Latviešu disidentes Lidijas Doroņinas-Lasmanes personīgais himnas stāsts. ""“To es nevaru iedomāties, ka mums varētu būt cita himna. /../ Mēs esam himnu dziedājuši visos apcietinājuma laikos, pieminējuši savus valsts svētkus, tur, kur latvieši ir kopā.""","Video - intervija, saruna
;",6, Rakstniecības un mūzikas muzejs ,Latvijas valsts; latviešu valoda; kultūra; brīvība ,taisnīgums; atbildība; drosme ,cieņa; brīvība; atbildība; saskaņa; patiesība ,pašiniciatīva; pārliecinātība; neatlaidība (noturība); pazemība; atklātība ,
https://www.youtube.com/watch?v=cdVmPxd4Br8,8. klase,Fiziskā veselība,3. nodarbība: Miegs,4. aktivitāte. Sagatavo raidierakstu ,Kā nepareizs miegs var sagraut tavu veselību?,"Video skaidrots, kā ilgtermiņā neizguļoties cilvēks sevi pakļauj dažādiem veselības riskiem un uzskatu, ka miegu labāk aizstāt ar darbu vai izklaidēm būtu jāgāž.","Video - dokumentāla filma
;",25,Raidījums ''VeseLīga'',dzīvība (veselība) ,atbildība; mērenība ,rūpes; atbildība; miers ,kritiskā spriestspēja ,
https://www.youtube.com/watch?v=Cjh10ddUu98,Pirmsskola (6 gadi),Kopiena,3. nodarbība: Būt daudzveidīgā kopienā,"Alternatīva 2. aktivitātei: “Nenovērsies, atbalsti!”","Nenovērsies, atbalsti!","Izglītojoša īsfilma par Dauna sindromu. Filmiņa parāda iekļaujošas vides nozīmi un rosina diskusiju par atšķirīgo. Filma ir piemērota jebkura vecuma bērniem. To var izmantot, sagatavojoties Pasaules Dauna sindroma dienai (21. marts). ",Video - izglītojoša īsfilma;,12,Žmonių su Dauno sindromu ir jų globėjų asociacija,dzīvība (veselība); cieņa ,tolerance; līdzcietība ,cilvēks kā persona; cieņa; mīlestība ,empātija; pašiedziļināšanās ,papildu informācija par šo iniciatīvu - https://www.e-klase.lv/aktualitates/zinas/par-godu-21-martam-tapusi-izglitojosa-filmina-par-dauna-sindromu?id=21045
https://www.youtube.com/watch?v=Cjh10ddUu98,5. klase,Kopienas,"2. nodarbība: Kopiena, daudzveidība un dažādība","4. aktivitāte. “Nenovērsies, atbalsti!” ","""Nenovērsies, atbalsti!""",Dokumentāla īsfilma par cilvēkiem ar dauna sindromu.,"Video - dokumentāla filma
;",12,"Dauna sindromu atbalsta asociācija ""Žmonių su Dauno sindromu ir jų globėjų""",dzīvība (veselība); cieņa; ģimene ,tolerance; līdzcietība; solidaritāte; laipnība ,cilvēks kā persona; cieņa; mīlestība; atbildība; saskaņa ,izpalīdzība; līdzjūtība; empātija; atvērtība jaunajam; draudzīgums; līdzdalīgums ,
https://www.youtube.com/watch?v=Cjh10ddUu98,1. klase,Kopienas,3. nodarbība: Dzīvot daudzveidīgā kopienā,"2. aktivitāte. “Nenovērsies, atbalsti!”.","Nenovērsies, atbalsti!","""Nenovērsies, atbalsti!"" ir izglītojoša īsfilma par Dauna sindromu. Tomēr tā neaptver vienu šauru tēmu — filma atspoguļo iekļaujošas vides nozīmi, rosinot pārskatīt savus priekšstatus vai pat aizspriedumus.","Video - dokumentāla filma
;",12,"Filma pieder Žmonių su Dauno sindromu ir jų globėjų asociacija. Latviešu valodā ierunājis Andris Keišs. Ieskaņots studijā ""Marana Productions"". Tulkojusi Velga Polinska.",cieņa ,tolerance ,saskaņa; rūpes ,atvērtība jaunajam; draudzīgums ,
https://www.youtube.com/watch?v=dn1QdVaWN_Y,2. klase,Kaitīgas vielas,2. nodarbība: Kādi ir riski?,Papildmateriāli,Kas paliek plaušās pēc vienas cigaretes izsmēķēšanas??,"Kāda sieviete izdomājusi, kā bez vārdiem savam bērnam likt aizdomāties, ar reālu piemēru parādot, kas notiek ar cilvēka elpošanas orgāniem jau pēc vienas cigaretes izsmēķēšanas","Video - intervija, saruna
;",2,"YouTube kanāls  ""Be Aware""",dzīvība (veselība) ,atbildība; gudrība ,rūpes; atbildība; harmonija ,pārliecinātība; zinātkāre; kritiskā spriestspēja ,
https://www.youtube.com/watch?v=-fkKrIvF1SE,3. klase,Brīvprātīgais darbs,1. nodarbība: Kāpēc cilvēki veic brīvprātīgo darbu?,2. aktivitāte. Brīvprātīgo darbinieku stāsti ,Brīvprātīgais darbs - Dzīvo un strādā labi Pīterboro un Fenlandē,Kas ir brīvprātīgais darbs Pīterboro un Fenlendā — kā tas funkcionē. Izskaidro brīvprātīgā darba labumus. ,"Video - multiplikācijas īsfilma
;",6, Peterborough City Council ,cieņa; Latvijas valsts ,taisnīgums; solidaritāte; atbildība ,cilvēks kā persona; mīlestība; atbildība; saskaņa ,izpalīdzība; dāsnums; pašiniciatīva; līdzdalīgums; spēja sadarboties ,
https://www.youtube.com/watch?v=g75BTjHEKMQ,4. klase,Stress,2. nodarbība: Stresa pārvarēšana,2. aktivitāte. Kur es varu saņemt palīdzību? ,"""Ko darīt, ja ir panikas lēkmes?""","Kas ir panikas lēkmes un kas tās izraisa? Kā tās izpaužas? Vai panikas lēkmes apdraud veselību vai dzīvību? Ko darīt, ja ir panikas lēkmes? Vai panikas lēkmes gadījumā jāvēršas pie ārsta?  2017. gada 7. marta kanāla ""RigaTV24"" raidījumā ""Ko darīt, ja sāp?"" uz šiem jautājumiem atbildēja VC4 Neatliekamās medicīniskās palīdzības nodaļas ārsta palīgs Rustams Junusovs.","Video - dokumentāla filma
;",3, Medicīnas Kanāls ,dzīvība (veselība) ,līdzcietība; laipnība; gudrība; savaldība ,cilvēks kā persona; rūpes; harmonija; miers ,līdzjūtība; neatlaidība (noturība); pašiedziļināšanās; pašvadība ,
https://www.youtube.com/watch?v=gBIKAkLttNE&ab_channel=VinetaV%C4%ABtola,Pirmsskola (5 gadi),Ģimene,1. nodarbība: Mana ģimene,1. aktivitāte. Kādi cilvēki ir tavā ģimenē?,Pirkstu ģimene,"Dziesmiņa bērniem ""Pirkstu ģimene"". Izpilda bērnu studija ""Kukaiņi"" un Ainārs Ančevskis.","Video - dziesma
;",2,www.dziesmasberniem.lv ,ģimene ,laipnība ,mīlestība ,pateicīgums ,
https://www.youtube.com/watch?v=GBnGnbp7vlo,8. klase,Tava nākotne,2. nodarbība: Kas tevi dzīvē sagaida?,3. aktivitāte – otrs variants. Apstākļi un dzīve ,"RAIMONDS PAULS. Par slavu, sievu, politiku, šlāgeri, ordeņiem, taksistu, uztraukumu, dzeršanu, tautu",Intervija ar Raimondu Paulu par viņa dzīvi.,"Video - intervija, saruna
;",46,Rezervēts,dzīvība (veselība); ģimene; darbs; Latvijas valsts; kultūra ,drosme ,cilvēks kā persona; brīvība; patiesība ,pārliecinātība; pašiedziļināšanās; atklātība ,
https://www.youtube.com/watch?v=gBwEoQago7Q&ab_channel=Saarlanee4K,Pirmsskola (6 gadi),Drošība Internetā,3. nodarbība: Personīgās informācijas turēšana drošībā,1. aktivitāte. Personīgā informācija.,Ko nedrīkst teikt svešiniekam?,"Īss pantiņš bērniem no akcijas ""Supervaroņi"", kas vērš uzmanību uz to, ko neteikt svešiniekiem ineternetā.","Video - multiplikācijas īsfilma
;",1,Valsts policija,cieņa; brīvība ,gudrība; atbildība ,miers ,attapība; kritiskā spriestspēja ,"Iegūto informāciju iespējams papildināt ar video no drossinternets.lv materiāliem ""Aitu dzīve"". Piemēram - https://www.youtube.com/watch?v=OOE38auoppI&ab_channel=LatvijasDro%C5%A1%C4%81kainternetacentrs "
https://www.youtube.com/watch?v=gqhqhzwcFow ,6. klase,Kiberterorizēšana,1. nodarbība: Kas ir kiberterorizēšana,Ierosme,Kā atpazīt vardarbību internetā?,"Video skaidrots, kas ir vardarbība interneta vidē. Cik viegli kļūt par tās upuri un kā no tās iespējams izvairīties.","Video - dokumentāla filma
;",2,VBTAI,dzīvība (veselība); cieņa ,mērenība; gudrība; taisnīgums ,atbildība; cieņa; cilvēks kā persona ,kritiskā spriestspēja; attapība ,
https://www.youtube.com/watch?v=hOc7hdMYh6E,8. klase,Tava nākotne,1. nodarbība: Laba dzīve,3. aktivitāte.  “Labas dzīves” izpratne , Laba dzīve un jēga. Kārlis Freibergs. Eksperimentālās sarunas,"Saruna ar Kārli Freibergu par to, Kkas ir laba dzīve, cik lielā mērā tai pamatā ir izjūtas, kā pieņemt lēmumus, kā būt mierā, piedzīvojot radikālas izmaiņas, vai izglītības mērķis ir mācīt domāt.","Video - intervija, saruna
;",9, Eksperimentālās sarunas,brīvība ,atbildība; godīgums; gudrība ,cilvēks kā persona; rūpes; atbildība; patiesība; harmonija ,pašiniciatīva; pārliecinātība; kritiskā spriestspēja; atklātība ,
https://www.youtube.com/watch?v=hooMxqwysZM,1. klase,Uzturs,2. nodarbība: Ieguvumi no veselīga uztura,Ierosme. Ieguvumi no sabalansēta uztura.,"Vai bērni zina, kas ir veselīgs uzturs?","Video, kurā tiek noskaidrots vai bērni zina, kas ir veselīgs uzturs.","Video - intervija, saruna
;",4,LIDO,dzīvība (veselība) ,gudrība; mērenība ,rūpes; atbildība ,pašiedziļināšanās; kritiskā spriestspēja ,
https://www.youtube.com/watch?v=JHZkr7LKWXc&ab_channel=Br%C4%ABnumskapis-Topic ,Pirmsskola (6 gadi),Kopiena,3. nodarbība: Būt daudzveidīgā kopienā,2. aktivitāte. Laiks stāstiem. ,Dažādas audio pasakas.,"Izmantojiet audio paskas ""Trīs siventiņi"", ""Gudrais muļķītis"" un ""Neglītais pīlēns"", lai pamanītu dažādas līdzības un atšķirības starp draugiem, kā arī lai domātu par to, kā izrādīt cieņu un laipnību pret atšķirīgo.",Audio pasakas;,0,Dažādi,cieņa ,tolerance; laipnība ,cieņa; saskaņa ,empātija; pašiedziļināšanās ,"Trīs siventiņi (https://www.youtube.com/watch?v=rIZ4Z2Uj_84&ab_channel=PasakasarPrieku) , Pasaka par gudro muļķītī (https://www.youtube.com/watch?v=_3vC0Cw6fI8&ab_channel=Elzaspasakas), Neglītais pīlēns (https://www.youtube.com/watch?v=ahXRm_7GQrg&ab_channel=Kamol%C4%ABtis)"
https://www.youtube.com/watch?v=KWNr6VroF1w,8. klase,Tehnoloģijas,1. nodarbība: Gudra tehnoloģiju izmantošana,1. aktivitāte. Ko tehnoloģijas mums nodara? ,HomoTabletis,"Animācijā skaidrots, kas ir ''HomoTabletis"". Kā tehnoloģiju izmantošana no bērna dzimšanas var ietekmēt viņa veselību gan garīgo, gan fizisko. ","Video - multiplikācijas īsfilma
;",3,Centrs Dardedze,dzīvība (veselība) ,mērenība ,atbildība; saskaņa; rūpes ,kritiskā spriestspēja ,
https://www.youtube.com/watch?v=LOriHFVxKuI,3. klase,Viltus ziņas,1. nodarbība: Kas ir viltus ziņas?,Kopīgā noslēguma apspriede. Vai tas tiešām nav patiess? ,video “Baltimeli – viltus ziņas,"Video par viltus ziņām: definīcja, izcelsme un 10 padomi, kā lasot netikt apmānītam.","Video - dokumentāla filma
;",3, Goethe-Institut Rīgā ,brīvība; kultūra ,atbildība; gudrība ,cieņa; atbildība; patiesība ,zinātkāre; kritiskā spriestspēja; attapība ,
https://www.youtube.com/watch?v=Mo-e3OWmIC0&ab_channel=4studija ,8. klase,Fiziskā veselība,1. nodarbība: Uzturs,1. aktivitāte. Videoklips ,Ātri pagatavojamās nūdeles izraisa atkarību un ietekmē potenci,Video skaidrots ātri pagatavojamo makaronu ietekme uz cilvēka veselību un atkarības riski.,"Video - dokumentāla filma
;",4, 4 studija,dzīvība (veselība) ,atbildība ,rūpes; atbildība ,kritiskā spriestspēja ,
https://www.youtube.com/watch?v=N989KXM2QwA&ab_channel=MadaraVildere,1. klase,Uzturs,2. nodarbība: Ieguvumi no veselīga uztura,Ierosme. Ieguvumi no sabalansēta uztura.,Veselīgs uzturs.,Animēts video par veselīga uztura pamatprincipiem.,"Video - multiplikācijas īsfilma
;",3,Madara Vildere,dzīvība (veselība) ,mērenība; savaldība ,rūpes; atbildība ,pašiedziļināšanās; kritiskā spriestspēja ,
https://www.youtube.com/watch?v=Nu4_EGntg90,4. klase,Stress,"3. nodarbība: Atbalsts cilvēkiem, kas izjūt stresu",Ierosme. Slavenības atklājas ,Influenceri personiskos stāstos dalās sāpīgā pieredzē - Patrisha,"Iespēja saņemt tūlītēju palīdzību krīzes situācijā bērniem ir ārkārtīgi svarīga, jo nerunājot par saviem emocionālajiem pārdzīvojumiem un piedzīvoto, bērni uzkrāj traumas un negatīvo pieredzi, ar ko nākas dzīvot visu atlikušo dzīvi – to apliecina arī Latvijā pazīstamu influenceru un mākslinieku pieredzes stāsti, ko videoformātā piedāvā Valsts bērnu tiesību aizsardzības inspekcija. ","Video - intervija, saruna
;",5,Valsts bērnu tiesību aizsardzības inspekcija,dzīvība (veselība); cieņa ,līdzcietība; laipnība; atbildība; savaldība ,cilvēks kā persona; rūpes; harmonija; miers ,līdzjūtība; empātija; pārliecinātība; pašiedziļināšanās; draudzīgums ,
https://www.youtube.com/watch?v=o4AUaPhB1_k&ab_channel=L%C4%81smaReimane,8. klase,Tehnoloģijas,1. nodarbība: Gudra tehnoloģiju izmantošana,1. aktivitāte. Ko tehnoloģijas mums nodara? ,Jaunieši un modernās tehnoloģijas,Video redzami dažādi skolēnu citāti par tehnoloģiju izmantošanu ikdienā.,"Video - YouTube kanāls
;",2,(Ieteikumu nav) privātais profils,dzīvība (veselība) ,mērenība ,atbildība ,kritiskā spriestspēja; pašvadība ,
https://www.youtube.com/watch?v=oHrOBTGI1xs&ab_channel=DrogasLatvija,Pirmsskola (5 gadi),Mana veselība,1. nodarbība: Tīras rokas,1. aktivitāte. Roku mazgāšana.,Mācību video par pareizu roku mazgāšanu,"Pieaugušajiem labi zināms, ka bērni vislabāk informāciju uztver ar redzi vai dzirdi, tādēļ noderīgajam roku mazgāšanas plakātam būs „palīgs” – izglītojošs video par roku mazgāšanu.",Video - mācību īsfilma;,2,Drogas Latvija,dzīvība (veselība) ,atbildība; centība ,rūpes; atbildība ,pašiniciatīva; pašvadība ,
https://www.youtube.com/watch?v=oU2d1R0Xcpk,7. klase,Konfliktu risināšana,2. nodarbība: Kā konflikti var mainīt sabiedrību?,2. aktivitāte: Tautu varonība ,Baltijos kelias / Baltijas ceļš / Balti kett (1989),Video redzami dažādi dokumentālie kadri no Baltijas ceļa.,Video - dokumentālie kadri;,1,(Ieteikumu nav) privāts profils,brīvība; Latvijas valsts ,solidaritāte; drosme ,brīvība; mīlestība; miers; saskaņa ,apņēmīgums; neatlaidība (noturība) ,
https://www.youtube.com/watch?v=oVscx9BD2gc ,2. klase,Kiberterorizēšana,2. nodarbība - Kā kiberterorizēšana mūs ietekmē?,noslēguma apspriede: kur saņemt palīdzību,Drossinternets.lv - Kas mēs esam?,Drošāka interneta centra tīmekļa vietne - īss reklāmas video par pieejamiem resursiem ,"Video - multiplikācijas īsfilma
;",1,Drossinternets.lv,cieņa; Latvijas valsts ,atbildība; gudrība; drosme ,drošība; rūpes; atbildība; miers ,izpalīdzība; pašiniciatīva; kritiskā spriestspēja; līdzdalīgums ,
https://www.youtube.com/watch?v=PMH0RwtVb3A ,1. klase,Uzturs,1. nodarbība: Kas ir sabalansēts uzturs?,Papildmateriāli,Kā uzsākt sabalansēta uztura dzīvesveidu?,"Videosižets, kurā tiek pastāstīts, kā uzsākt sabalansēta uztura dzīvesveidu.","Video - intervija, saruna
;",25,"(Ieteikumu nav) kanāls ""VeseLīga""",dzīvība (veselība) ,atbildība; mērenība ,rūpes; atbildība ,pārliecinātība; kritiskā spriestspēja ,
https://www.youtube.com/watch?v=QkdAxlo0WSo ,1. klase,Uzturs,2. nodarbība: Ieguvumi no veselīga uztura,Papildmateriāli,Bērnu ēšanas paradumu ietekme uz veselību,"Bērnu ēsanas paradumu ietekme uz veselību tiek skaidrota  panorāmas videosižetā, kurā tiek atklāti arī eksperta ieteikumi par to, kā ēst veselīgāk, un no kuriem produktiem būtu jāizvairās.","Video - intervija, saruna
;",3,Rīta panorāma,dzīvība (veselība) ,atbildība; mērenība ,atbildība ,pašiedziļināšanās; kritiskā spriestspēja ,
https://www.youtube.com/watch?v=rWDACNsvuKI,2. klase,Kiberterorizēšana,2. nodarbība: Kā kiberterorizēšana mūs ietekmē?,Ierosme. Kiberterorizēšana ,"Mācību filma skolēniem ""Roberts"" ņirgāšanās profilaksei interneta vidē (2016)"," Slimību profilakses un kontroles centra mācību filma skolēniem ""Roberts"" par ņirgāšanos internetā.","Video - dokumentāla filma
;",23,SPKC,cieņa; kultūra ,tolerance; līdzcietība; laipnība; atbildība; gudrība ,cilvēks kā persona; cieņa; mīlestība; miers; saskaņa ,līdzjūtība; empātija; kritiskā spriestspēja; draudzīgums ,
https://www.youtube.com/watch?v=sCXsPg2Njmg,2. klase,Kaitīgas vielas,3. nodarbība: Pareiza izvēle,Papildmateriāli,"Kampaņas ""Spēks pateikt NĒ!"" reklāmas klips (ar subtitriem)","Lai mazinātu tabakas izstrādājumu un alkohola atkarību izplatību, Veselības ministrijas informatīvā kampaņa ""Spēks pateikt NĒ!” mudina sabiedrību atteikties no atkarību izraisošām vielām. Kampaņas mērķis ir samazināt tabakas izstrādājumu un alkohola popularitāti un lietošanu kā jauniešu vidū, tā arī sabiedrībā kopumā.","Video - dokumentāla filma
;",1,Veselības ministrija,dzīvība (veselība); brīvība ,atbildība; drosme; mērenība; savaldība ,cieņa; brīvība; atbildība; miers; patiesība ,pārliecinātība; apņēmīgums; kritiskā spriestspēja; pašvadība ,
https://www.youtube.com/watch?v=sIdZAKoqgKQ&ab_channel=Valstspolicija,Pirmsskola (6 gadi),Drošība Internetā,1. nodarbība: Internets ir lielisks,Ierosme. Internets ir visur. ,Kā internets var palīdzēt?,"""Supervaroņi internetā"" ir kampaņa, kuras laikā ir izveidoti pieci video, kas 5–8 gadus veciem bērniem māca izprast dažādas situācijas, ar kurām viņi varētu saskarties internetā, un aicina bērnus kļūt par pārliecinātiem un gudriem interneta lietotājiem.","Video - multiplikācijas īsfilma
;",1,Valsts policija,darbs ,atbildība; mērenība ,atbildība ,zinātkāre; attapība ,
https://www.youtube.com/watch?v=t5jl1cD1zLE&ab_channel=LatgalesRegionalaTV,7. klase,Brīvprātīgais darbs,2. nodarbība: Kā brīvprātīgais darbs var mani pilnveidot?,2. aktivitāte. Cilvēks-morālā autoritāte ,Gada brīvprātīgais 2015 – radošā apvienība jauniešiem “TREPES”,"Radošā apvienība jauniešiem “TREPES” darbojas jau 17 gadus un brīvprātīgais darbs ir viens no veidiem, kā tā īsteno savus mērķus un aktivitātes. Brīvprātīgie palīdz dažādām sabiedrības grupām – pensionāriem, bezpajumtniekiem, ieslodzītajiem, – paplašinot savu redzesloku, attīstot emocionālo inteliģenci, kā arī gūstot iespēju palīdzēt citiem.",Video - ziņu sižets;,2,Latvijas reģionālā televīzija,darbs; Latvijas valsts ,laipnība; atbildība ,rūpes; cieņa; atbildība ,izpalīdzība; empātija; dāsnums; pašiniciatīva; apņēmīgums ,
https://www.youtube.com/watch?v=T6iR7LG33tw&t=8s&ab_channel=Slim%C4%ABbuprofilaksesunkontrolescentrs,Pirmsskola (5 gadi),Mana veselība,1. nodarbība: Tīras rokas,1. aktivitāte. Roku mazgāšana.,Mistera Ziepiņa roku mazgāšanas dziesmiņa,"Noskatieties un kopīgi dziediet pareizai roku mazgāšanai veltīto dziesmiņu “Mistera Ziepiņa roku mazgāšanas dziesmiņa""! Tās mūzikas autors ir producents Kaspars Ansons, bet to iedziedājis mūziķis Intars Busulis. ","Video - dziesma
;",2,SPKC,dzīvība (veselība) ,centība; atbildība ,rūpes; atbildība ,pašvadība; līdzdalīgums ,
https://www.youtube.com/watch?v=TI0Qxix5sJc&ab_channel=RimiLatvija,Pirmsskola (6 gadi),Drošība Internetā,1. nodarbība: Internets ir lielisks,Ierosme. Internets ir visur.,Ko bērni var iemācīt vecākiem par internetu?,"Turpinoties sociālajai kampaņai “Supervaroņi internetā”, bērni dalās ar savām zināšanām par internetu. Tā kā viena no 5 superspējām ir zināt, kā internets var palīdzēt, “Rimi Bērniem” eksperts un kampaņas atbalstītājs Klāvs Smildziņš ir noskaidrojis, cik daudz bērni zina par internetu, un vai viņi ar savām zināšanām spēj palīdzēt saviem vecākiem.","Video - intervija, saruna
;",3,Rimi Latvija,ģimene; darbs ,atbildība; gudrība ,atbildība ,spēja sadarboties; zinātkāre ,
https://www.youtube.com/watch?v=TsVSUMr2TAY&ab_channel=PuMPuRS ,7. klase,Konfliktu risināšana,1. nodarbība: Kā rodas konflikti?,1. aktivitāte. Konflikta kāpinātājs ,PuMPuRS. 8. filma. Konflikti skolā. Šajā filmā uzzināsi - kas ir konflikts un kā to risināt!,"Filmā ir skaidrots, kas ir konflikts un kā to risināt. Praktiski paņēmieni darbam skolā un stundās.","Video - dokumentāla filma
;",7,Pumpurs,cieņa; darbs; ģimene ,tolerance; laipnība; savaldība ,cilvēks kā persona; cieņa; saskaņa; patiesība; atbildība ,empātija; draudzīgums; atklātība; izpalīdzība; pašiniciatīva; kritiskā spriestspēja ,
https://www.youtube.com/watch?v=UKtdBAJGK9I,7. klase,Konfliktu risināšana,2. nodarbība: Kā konflikti var mainīt sabiedrību?,2. aktivitāte: Tautu varonība ,"Atmostas Baltija, Bunda Jau Baltija, Ärgake Baltimaad, Baltic states, wake up","Resursā dziesma ""Atmostas Baltija"".","Video - dziesma
;",3,(Ieteikumu nav) privāts profils ,brīvība; Latvijas valsts ,solidaritāte; drosme ,mīlestība; brīvība; miers; saskaņa ,apņēmīgums; neatlaidība (noturība) ,
https://www.youtube.com/watch?v=vcEf1FXbl6c,3. klase,Brīvprātīgais darbs,2. nodarbība: Kā kļūt par brīvprātīgo?,1. aktivitāte. Darbs dzīvnieku patversmēs ,Kā norit brīvprātīgais darbs dzīvnieku patversmē?,"Brīvprātīgā Jeļena Daugavpils dzīvnieku patversmē darbojas jau gadu. Viss sācies negaidīti. Tagad viņa aktīvi izliek kaķu un suņu fotogrāfijas, kā arī video sociālajos tīklos. Tas palīdz atrast labdarus un jaunus saimniekus.","Video - dokumentāla filma
;",2, Dautkom latviski ,daba; Latvijas valsts ,līdzcietība; laipnība; atbildība ,rūpes; atbildība; saskaņa ,izpalīdzība; līdzjūtība; empātija; dāsnums; līdzdalīgums; spēja sadarboties ,
https://www.youtube.com/watch?v=vDlFPEoCnRo&ab_channel=Slim%C4%ABbuprofilaksesunkontrolescentrs ,Pirmsskola (5 gadi),Mana veselība,1. nodarbība: Tīras rokas,Ierosme. Baktērijas.,Par Janča punci un tīrām rokām,"Slimību profilakses un kontroles centrs izveidojis animācijas filmu, kas paredzēta pirmsskolas un sākumskolas vecuma bērniem par roku higiēnas nozīmi.","Video - multiplikācijas īsfilma
;",4,SPKC,dzīvība (veselība) ,gudrība; centība ,atbildība; rūpes ,pašiniciatīva; pašvadība ,
https://www.youtube.com/watch?v=vm5fhXa-30Q,Pirmsskola (5 gadi),Mana veselība,2. nodarbība: Veselīgs uzturs,Tikumu praktizēšanas iespējas,Ģimenes dienu veselīgās uzkodas,"Uztrua speciāliste Olga Ļubina stāsta, kā pagatavot veselīgas uzkodas visai ģimenei.","Video - YouTube kanāls
;",4,Rimi Latvija,dzīvība (veselība) ,centība ,rūpes; atbildība ,pašvadība; pašiniciatīva ,
https://www.youtube.com/watch?v=W3bc3tVs54k,8. klase,Fiziskā veselība,2. nodarbība: Fiziskās aktivitātes,4. aktivitāte. Laura Ikauniece ,Laura Ikauniece atgriežas daudzcīņā,Pēc pusotra gada daudzcīņas sacensībās atgriezusies Laura Ikauniece. Laiks no iepriekšējām olimpiskajām spēlēm viņai bijis pārbaudījumu pilns. Laura intervijā skaidro izaicinājumus un grūtības. ,"Video - intervija, saruna
;",8,Sporta Studija,dzīvība (veselība); darbs; Latvijas valsts ,atbildība; centība; drosme; mērenība ,cilvēks kā persona; rūpes; atbildība; patiesība; harmonija ,pārliecinātība; neatlaidība (noturība); apņēmīgums; kritiskā spriestspēja ,
https://www.youtube.com/watch?v=WbbmSteOQT0 .,Pirmsskola (5 gadi),Palīdzība,3. nodarbība: Pateicības izrādīšana,1. aktivitāte. Intervija.,Paliec Mājās Supervaroņ,"Paliec Mājās Supervaroņi ir animācijas stāsts bērniem par Koronas vīrusu un palikšanu mājās.  Kopā ar Viljamu un viņa māmiņu mēģinām paskaidrot bērniem un vecākiem kāpēc jāpaliek mājās, ko tas dos un kā tas palīdz visas situācijas uzlabošanai. Kā arī radošā veidā parādām kā bērni var piedalīties kā supervaroņi.","Video - multiplikācijas īsfilma
;",7,SPKC,dzīvība (veselība); cieņa ,atbildība; drosme ,cieņa; atbildība ,kritiskā spriestspēja; līdzdalīgums ,
https://www.youtube.com/watch?v=wXaURn4tYBs&ab_channel=VUGD,Pirmsskola (5 gadi),Palīdzība,2. nodarbība: Ārkārtas situācijas,1. aktivitāte. Kā mums jārīkojas.,Rīcība ārkārtas situācijā. Auto avārija.,Ākrārtas palīdzības izsaukšanas iespējas nepieciešamības gadījumā.,"Video - multiplikācijas īsfilma
;",1,VUGD,dzīvība (veselība) ,atbildība; drosme ,rūpes; atbildība ,pašiniciatīva; pašvadība ,Skatieties līdzīgus video par ārkārtas situācijām. ZĀDZĪBA - https://www.youtube.com/watch?v=s7pyGwvHcHg&ab_channel=VUGD  / UGUNSGRĒKS - https://www.youtube.com/watch?v=gIvfMcWiu1E&ab_channel=VUGD
https://www.youtube.com/watch?v=xA9c7Odf1ss,8. klase,Fiziskā veselība,2. nodarbība: Fiziskās aktivitātes,2. aktivitāte. Kā tu sporto? ,Video padoms - fiziskās aktivitātes vecuma grupā no 14 līdz 35 gadiem,"Video izveidots Veselības ministrijas un Slimību profilakses un kontroles centra organizētās kampaņas ""Veselības vasara"" ietvaros. Skaidrots kādas fiziskās aktivitātes nepieciešamas.","Video - intervija, saruna
;",5, Slimību profilakses un kontroles centrs,dzīvība (veselība) ,atbildība; mērenība ,rūpes; atbildība; harmonija ,pašiniciatīva; neatlaidība (noturība) ,
https://youtu.be/e2HAIsYggaM,2. klase,Kiberterorizēšana,2. nodarbība - Kā kiberterorizēšana mūs ietekmē?,noslēguma apspriede: kur saņemt palīdzību,"“Kad saukt palīgā pieaugušo, kam uzticies?” ","“Kad saukt palīgā pieaugušo, kam uzticies?” - ""Supervaroņi internetā"" ir sociālā kampaņa, kuras mērķis ir veicināt bērnu medijpratību un drošību internetā, informējot gan bērnus, gan pieaugušos par riskiem un iespējām interneta vidē. Kampaņas laikā ir izveidoti pieci video, kas 5–8 gadus veciem bērniem māca izprast dažādas situācijas, ar kurām viņi varētu saskarties internetā, un aicina bērnus kļūt par pārliecinātiem un gudriem interneta lietotājiem",Video - multiplikācijas īsfilma;,1,Valsts Policija,dzīvība (veselība); cieņa ,atbildība; gudrība; drosme ,cieņa; patiesība; miers; drošība ,pārliecinātība; kritiskā spriestspēja ,
https://youtu.be/e2HAIsYggaM,2. klase,Kiberterorizēšana,2. nodarbība: Kā kiberterorizēšana mūs ietekmē?,Papildus uzziņai,"īsfilma ""Kad saukt palīgā pieaugušo, kam uzticies?""","""Supervaroņi internetā"" ir sociālā kampaņa, kuras mērķis ir veicināt bērnu medijpratību un drošību internetā, informējot gan bērnus, gan pieaugušos par riskiem un iespējām interneta vidē. Kampaņas laikā ir izveidoti pieci video, kas 5–8 gadus veciem bērniem māca izprast dažādas situācijas, ar kurām viņi varētu saskarties internetā, un aicina bērnus kļūt par pārliecinātiem un gudriem interneta lietotājiem.","Video - multiplikācijas īsfilma
;",1, Valsts policija,kultūra; Latvijas valsts ,taisnīgums; gudrība; drosme ,cieņa; miers ,pašiniciatīva; pārliecinātība; kritiskā spriestspēja; atklātība ,
https://youtu.be/Jv_r5QdW5RA,Pirmsskola (5 gadi),Mana veselība,1. nodarbība: Tīras rokas,1. aktivitāte. Roku mazgāšana.,Kā pareizi mazgāt rokas?,"Sniedzot dažādus padomus, kā pasargāt sevi no #COVID19, mediķi nemitīgi uzsver un atgādina, cik būtiski ir mazgāt rokas. Un mazgāt rokas pareizi un pietiekami ilgi - vismaz 20 sekundes! Kā to pareizi darīt, parādīs Evelīna Līna Petroviča.",Video - mācību īsfilma.;,2,LTV ziņu dienests,dzīvība (veselība) ,atbildība ,atbildība ,pašiniciatīva; pašvadība ,